Article,Link,Hash
2, https://congresoweb.congresojal.gob.mx/infolej/agendakioskos/documentos/sistemaintegral/estados/R_48744.pdf,b669e62a66aab72f8b7fa6c81ba6261cf3a44b32d2ce6e6dc4af0879b6e03cc6
236,https://congresoweb.congresojal.gob.mx/infolej/agendakioskos/documentos/sistemaintegral/estados/R_49167.pdf,e7a85bf07a2efab1a2be4d91826eafc7e26d7c24fd3dcc888f36facd3723731e
526,https://congresoweb.congresojal.gob.mx/infolej/agendakioskos/documentos/sistemaintegral/estados/R_49607.pdf,1183755f25576876e929545e0cf8df0c4805ada1078885a6adaebb4aae038414
573,https://congresoweb.congresojal.gob.mx/infolej/agendakioskos/documentos/sistemaintegral/estados/130225.pdf,ec9a688e794bb2884bcd16ce6538accd447187f4a312c86481217f8ed31b45df
805,https://congresoweb.congresojal.gob.mx/infolej/agendakioskos/documentos/sistemaintegral/estados/R_50082.pdf,ddb3009548b58e570fb74635c07711cb77546a31e99b0df90b7e515565354673
842,https://congresoweb.congresojal.gob.mx/infolej/agendakioskos/documentos/sistemaintegral/estados/R_50169.pdf,2fcaeb154e93e0813ed8daefe74a8bc7bdbf931392306c8cb3d2d051ed432c47
1109,https://congresoweb.congresojal.gob.mx/infolej/agendakioskos/documentos/sistemaintegral/estados/R_50661.pdf,4eecaf541ebb7ce6925a0e74ec740e3c35d84270b7d99abbfdc7a931a00ce911
1170,https://congresoweb.congresojal.gob.mx/infolej/agendakioskos/documentos/sistemaintegral/estados/R_50771.pdf,0991c2d40c8f142ca24e93313841d39ae1d87ef4825f0276afdd7cf30f29f2b4
1181,https://congresoweb.congresojal.gob.mx/infolej/agendakioskos/documentos/sistemaintegral/estados/R_50782.pdf,09b03f0efc6a5d62d4a9a6cae03f84c7da71ef639b058c48ea76b352cde2e03e
1309,https://congresoweb.congresojal.gob.mx/infolej/agendakioskos/documentos/sistemaintegral/estados/R_50992.pdf,c4a7de6abfc420ba9db6c1496250b22dc5265df676ecd82686be3327ef5008fb
2035,https://congresoweb.congresojal.gob.mx/infolej/agendakioskos/documentos/sistemaintegral/estados/R_51940.pdf,1fb3496a4c04fa8fbb3e453eaba7a3a6abb1d18aa6401839018915792d0aaf65
2173,https://congresoweb.congresojal.gob.mx/infolej/agendakioskos/documentos/sistemaintegral/estados/R_52187.pdf,fbd18e7a1a3ed81781a2247542dedb0c1cf859117ca228fb3543a4e297c9b3cc
2207,https://congresoweb.congresojal.gob.mx/infolej/agendakioskos/documentos/sistemaintegral/estados/R_52292.pdf,9914bec2c93ad7902aa43e39aa632f856a8c96005308457dfe61c8f07a391877
2337,https://congresoweb.congresojal.gob.mx/infolej/agendakioskos/documentos/sistemaintegral/estados/R_52440.pdf,05728669da6bbf04b4a9ede3e4c575846107c3518b7593dd9e06ed84e3e54b08
2527,https://congresoweb.congresojal.gob.mx/infolej/agendakioskos/documentos/sistemaintegral/estados/R_52729.pdf,3e4422fad7fbfef832445620331b91540b7d19379d9ab72f84519616f4ee6c17
2726,https://congresoweb.congresojal.gob.mx/infolej/agendakioskos/documentos/sistemaintegral/estados/R_53154.pdf,91c5189208a159d2176aeb91cadc72170eadb81d231bc9500726db6a18e60481
2766,https://congresoweb.congresojal.gob.mx/infolej/agendakioskos/documentos/sistemaintegral/estados/R_53219.pdf,560b023176d39f7e5bc54da81c705808027ea0a887ddf1e243051bdb49e067b1
2793,https://congresoweb.congresojal.gob.mx/infolej/agendakioskos/documentos/sistemaintegral/estados/R_53268.pdf,b20b84dffdd7adfd7253e8d942a224433abc3352983c082ec517a10b50cb8202
2959,https://congresoweb.congresojal.gob.mx/infolej/agendakioskos/documentos/sistemaintegral/estados/R_53508.pdf,d64737c367112cf49cda0d760350766d19f2d310c1fc165bc0efd573ef55048e
2963,https://congresoweb.congresojal.gob.mx/infolej/agendakioskos/documentos/sistemaintegral/estados/R_53512.pdf,802fa813eef94f8900859bdaed858163ce6fd40a88b8fd43b8d0d3867dd87c42
3424,https://congresoweb.congresojal.gob.mx/infolej/agendakioskos/documentos/sistemaintegral/estados/R_54147.pdf,3d17fb18269b89d3230bbb9e699df46ed3761e4570e66ecf2f02f66e07475fd3
3740,https://congresoweb.congresojal.gob.mx/infolej/agendakioskos/documentos/sistemaintegral/estados/R_54574.pdf,5b1052263fd87dc92942d3bd2bf2a65b40edaa5bb720b69a0a847976d2f06bf8
